{
  "keyframes": [
    {
      "matrix": "[-0.7184452419186267,0.5255297891397878,-0.4556916447458481,0,0.36397533397413195,-0.27424421398908283,-0.8901191309886165,0,-0.5927549161524562,-0.8053623729851056,0.005749570148660737,0,-2.7474243568420285,-2.069900647605852,-0.5450101503272567,1]",
      "fov": 50,
      "aspect": 1,
      "properties": "[[\"FOV\",50],[\"NAME\",\"Camera 0\"],[\"TIME\",0]]"
    },
    {
      "matrix": "[-0.739535289558262,0.5333446509810085,-0.4106470976007549,0,0.29287134768873296,-0.29434072721586807,-0.9097196875988883,0,-0.606064294609873,-0.7930365814840953,0.061473988214991504,0,-2.7786472141667438,-2.008788347122914,-0.3008573170601712,1]",
      "fov": 50,
      "aspect": 1,
      "properties": "[[\"FOV\",50],[\"NAME\",\"Camera 1\"],[\"TIME\",1]]"
    }
  ],
  "camera_type": "perspective",
  "render_height": 1080,
  "render_width": 1920,
  "camera_path": [
    {
      "camera_to_world": [
        -0.7184452419186267,
        0.36397533397413195,
        -0.5927549161524562,
        -2.7474243568420285,
        0.5255297891397878,
        -0.27424421398908283,
        -0.8053623729851056,
        -2.069900647605852,
        -0.4556916447458481,
        -0.8901191309886165,
        0.005749570148660737,
        -0.5450101503272567,
        0,
        0,
        0,
        1
      ],
      "fov": 50,
      "aspect": 1
    },
    {
      "camera_to_world": [
        -0.739535289558262,
        0.29287134768873296,
        -0.606064294609873,
        -2.7786472141667438,
        0.5333446509810085,
        -0.29434072721586807,
        -0.7930365814840953,
        -2.008788347122914,
        -0.4106470976007549,
        -0.9097196875988883,
        0.061473988214991504,
        -0.3008573170601712,
        0,
        0,
        0,
        1
      ],
      "fov": 50,
      "aspect": 1
    }
  ],
  "fps": 24,
  "seconds": 4,
  "smoothness_value": 0.5,
  "is_cycle": false,
  "crop": null
}